,City,Cloudiness,Country,Date,Humidity,Lat,Lng,Max Temp,Windspeed
0,tasiilaq,100,GL,1588003565,92,65.61,-37.64,33.76,23.38
1,banjar,40,ID,1588003566,100,-8.19,114.97,82.4,8.05
2,atuona,35,PF,1588003566,83,-9.8,-139.03,81.12,19.51
3,hilo,90,US,1588003460,83,19.73,-155.09,69.8,8.05
4,yellowknife,20,CA,1588003566,72,62.46,-114.35,14,14.99
5,bay-khaak,67,RU,1588003566,34,51.17,94.5,56.62,4.09
6,torbay,90,CA,1588003516,35,47.67,-52.73,44.01,10.29
7,iquique,0,CL,1588003567,64,-20.22,-70.14,68,14.99
8,upernavik,98,GL,1588003567,95,72.79,-56.15,31.75,0.4
9,ancud,75,CL,1588003567,100,-41.87,-73.82,60.01,14.99
10,asosa,58,ET,1588003568,16,10.07,34.53,80.15,2.46
11,faanui,12,PF,1588003568,77,-16.48,-151.75,82.53,16.84
12,bluff,60,NZ,1588003568,76,-46.6,168.33,51.01,11.99
13,jamtara,98,IN,1588003568,53,23.95,86.8,82.27,8.9
14,mataura,,PF,,,,,,
15,tsihombe,,MG,,,,,,
16,laguna,78,BR,1588003535,86,-28.48,-48.78,70.65,12.21
17,tuktoyaktuk,20,CA,1588003569,84,69.45,-133.04,5,19.46
18,mys shmidta,,RU,,,,,,
19,port elizabeth,100,ZA,1588003569,67,-33.92,25.57,62.6,10.29
20,grand river south east,,MU,,,,,,
21,ahipara,100,NZ,1588003570,87,-35.17,173.17,61.02,5.77
22,rikitea,99,PF,1588003570,84,-23.12,-134.97,75.99,18.77
23,watsa,100,CD,1588003570,65,3.04,29.54,72.45,2.66
24,saginaw,1,US,1588003570,32,43.33,-84.03,57,4.7
25,ushuaia,79,AR,1588003408,70,-54.8,-68.3,46.4,3.36
26,busselton,29,AU,1588003571,65,-33.65,115.33,60.01,13.11
27,arraial do cabo,40,BR,1588003571,65,-22.97,-42.03,80.6,3.36
28,angoche,0,MZ,1588003571,77,-16.23,39.91,77.7,9.37
29,bengkulu,100,ID,1588003571,88,-3.8,102.27,76.1,4.72
30,sterling,75,US,1588003342,61,39.01,-77.43,51.01,19.46
31,leningradskiy,77,RU,1588003572,84,69.38,178.42,15.13,5.37
32,punta arenas,20,CL,1588003572,80,-53.15,-70.92,44.01,9.17
33,nikolskoye,40,RU,1588003572,52,59.7,30.79,42.8,11.18
34,ponta do sol,20,CV,1588003572,54,17.2,-25.09,78.8,26.4
35,central point,75,US,1588003572,81,42.38,-122.92,55,3.36
36,vaini,100,TO,1588003573,83,-21.2,-175.2,74.53,18.23
37,saint-philippe,90,RE,1588003302,88,-21.36,55.77,77,6.93
38,san policarpo,88,PH,1588003573,85,12.18,125.51,80.58,10.94
39,hajipur,40,IN,1588003573,88,25.68,85.22,80.6,3.36
40,gambela,91,ET,1588003573,33,8.25,34.58,89.31,1.77
41,devonport,97,AU,1588003574,62,-41.17,146.35,61,5.01
42,cockburn town,14,TC,1588003574,79,21.46,-71.14,79.72,17.65
43,zaragoza,75,CO,1588003572,77,7.49,-74.87,85.84,1.25
44,kapaa,90,US,1588003574,83,22.08,-159.32,73.4,12.75
45,aktau,0,KZ,1588003575,76,43.65,51.2,53.6,8.95
46,new norfolk,63,AU,1588003575,66,-42.78,147.06,57,10.29
47,kaitangata,56,NZ,1588003575,72,-46.28,169.85,46.99,8.01
48,saint-pierre,100,PM,1588003575,74,46.77,-56.17,37.4,5.82
49,luanda,75,AO,1588003387,70,-8.84,13.23,84.2,13.87
50,port alfred,100,ZA,1588003576,90,-33.59,26.89,64,1.99
51,kamenka,99,RU,1588003576,87,51.32,42.77,48,1.01
52,riyadh,0,SA,1588003396,18,24.69,46.72,87.8,4.7
53,lazaro cardenas,0,MX,1588003576,28,17.96,-102.2,91.4,3.8
54,tiksi,100,RU,1588003576,94,71.69,128.87,15.4,6.4
55,cape town,0,ZA,1588003577,52,-33.93,18.42,69.8,16.11
56,kavieng,46,PG,1588003577,77,-2.57,150.8,82.49,5.5
57,cidreira,99,BR,1588003577,82,-30.18,-50.21,69.26,19.28
58,belushya guba,,RU,,,,,,
59,amantea,0,IT,1588003577,68,39.13,16.07,66.2,12.75
60,agha jari,,IR,,,,,,
61,acari,39,PE,1588003578,45,-15.43,-74.62,78.17,8.88
62,puerto ayora,20,EC,1588003578,74,-0.74,-90.35,82.4,14.99
63,tlahualilo,,MX,,,,,,
64,eureka,90,US,1588003579,67,40.8,-124.16,55.99,1.01
65,totness,72,SR,1588003579,68,5.88,-56.32,82.85,12.1
66,hobart,65,AU,1588003579,66,-42.88,147.33,57,10.29
67,keti bandar,0,PK,1588003579,87,24.14,67.45,80.47,14.05
68,dikson,100,RU,1588003579,98,73.51,80.55,24.22,8.7
69,butaritari,100,KI,1588003579,81,3.07,172.79,82.49,18.52
70,tumannyy,,RU,,,,,,
71,georgetown,0,SH,1588003580,69,-7.93,-14.42,81.36,10.83
72,kodiak,40,US,1588003580,69,57.79,-152.41,37.4,8.05
73,cherskiy,100,RU,1588003580,98,68.75,161.3,30.16,5.97
74,prince rupert,90,CA,1588003380,86,54.32,-130.32,44.6,13.87
75,cabo san lucas,40,MX,1588003420,28,22.89,-109.91,88,2.24
76,bambous virieux,75,MU,1588003581,83,-20.34,57.76,77,12.75
77,sumbe,40,AO,1588003581,74,-11.21,13.84,84.2,9.17
78,ler,,SD,,,,,,
79,qandala,38,SO,1588003581,64,11.47,49.87,86.31,5.84
80,roald,4,NO,1588003582,61,62.58,6.13,48.2,21.92
81,khatanga,98,RU,1588003582,97,71.97,102.5,16.97,6.82
82,paamiut,100,GL,1588003582,95,61.99,-49.67,32.94,13.85
83,ribas do rio pardo,0,BR,1588003582,42,-20.44,-53.76,83.75,13.09
84,palana,0,RU,1588003582,91,59.12,159.97,21.42,5.84
85,la ronge,90,CA,1588003583,74,55.1,-105.28,30.2,2.24
86,tukrah,0,LY,1588003583,60,32.53,20.58,68.61,18.16
87,lima,46,PE,1588003318,69,-12.04,-77.03,73.4,5.82
88,kiruna,75,SE,1588003583,58,67.86,20.23,30.2,11.41
89,pedernales,20,DO,1588003584,58,18.04,-71.74,87.8,16.11
90,sitka,75,US,1588003584,61,57.05,-135.33,46.4,19.46
91,san ignacio,,BO,,,,,,
92,lorengau,74,PG,1588003584,82,-2.02,147.27,81.63,5.35
93,mar del plata,90,AR,1588003377,77,-38,-57.56,64,14.99
94,kavaratti,54,IN,1588003585,71,10.57,72.64,85.55,10.36
95,bratsk,3,RU,1588003585,33,56.13,101.61,46.4,1.5
96,airai,,PW,,,,,,
97,east london,99,ZA,1588003585,73,-33.02,27.91,66.78,16.91
98,san angelo,1,US,1588003548,47,31.46,-100.44,78.01,18.34
99,castro,75,CL,1588003586,100,-42.47,-73.77,60.01,14.99
100,vila velha,40,BR,1588003586,65,-20.33,-40.29,80.6,12.75
101,garowe,100,SO,1588003586,54,8.41,48.48,82.99,8.03
102,taolanaro,,MG,,,,,,
103,waipawa,5,NZ,1588003340,93,-41.41,175.52,57.2,5.82
104,isangel,100,VU,1588003587,78,-19.55,169.27,75.25,13.58
105,tolaga bay,45,NZ,1588003587,68,-38.37,178.3,62.01,8.43
106,ribeira grande,75,PT,1588003587,88,38.52,-28.7,62.6,16.11
107,liberty,1,US,1588003588,42,31.83,-81.5,66,9.17
108,hermanus,94,ZA,1588003588,57,-34.42,19.23,68,5.99
109,marawi,18,SD,1588003588,8,18.48,31.82,97.65,10.67
110,shebunino,86,RU,1588003589,85,46.43,141.86,37.67,10.78
111,mount gambier,0,AU,1588003589,93,-37.83,140.77,46.4,9.17
112,olafsvik,2,IS,1588003589,69,64.89,-23.71,43.93,2.57
113,hirara,91,JP,1588003589,70,24.8,125.28,72.18,17.34
114,kostolac,0,RS,1588003590,26,44.71,21.17,71.6,3.36
115,schwelm,26,DE,1588003590,31,51.28,7.28,73,4
116,saskylakh,72,RU,1588003590,93,71.92,114.08,16.81,5.91
117,satitoa,,WS,,,,,,
118,jamestown,56,SH,1588003590,78,-15.94,-5.72,70.32,11.68
119,lompoc,1,US,1588003591,87,34.64,-120.46,59,9.17
120,san patricio,20,MX,1588003591,83,19.22,-104.7,75.2,6.93
121,camacha,20,PT,1588003591,64,33.08,-16.33,68,17.22
122,skjervoy,16,NO,1588003591,88,70.03,20.97,32.4,10.87
123,coquimbo,65,CL,1588003591,55,-29.95,-71.34,66.2,9.17
124,oktyabrskiy,93,RU,1588003591,77,54.48,53.47,48.15,3.29
125,sorland,40,NO,1588003592,51,67.67,12.69,39.2,14.99
126,rock sound,100,BS,1588003592,77,24.9,-76.2,79.47,8.28
127,acarau,85,BR,1588003592,84,-2.89,-40.12,81.37,13.56
128,saint cloud,1,US,1588003389,62,45.56,-94.16,64.99,8.05
129,kuche,,CN,,,,,,
130,ruteng,100,ID,1588003593,75,-8.61,120.47,61.77,1.43
131,souillac,75,MU,1588003593,83,-20.52,57.52,77,12.75
132,veraval,0,IN,1588003593,86,20.9,70.37,80.35,12.15
133,saleaula,,WS,,,,,,
134,meulaboh,99,ID,1588003593,83,4.14,96.13,79,3.27
135,albany,90,AU,1588003593,93,-35.02,117.89,57.2,14.99
136,mareeba,8,AU,1588003594,69,-17,145.43,75.2,10.29
137,yumen,0,CN,1588003594,13,40.28,97.2,59.68,2.66
138,burns lake,12,CA,1588003594,50,54.23,-125.75,40.33,6.11
139,richards bay,55,ZA,1588003594,82,-28.78,32.04,71.08,9.89
140,bundaberg,55,AU,1588003365,88,-24.85,152.35,64.99,5.82
141,illoqqortoormiut,,GL,,,,,,
142,mahebourg,75,MU,1588003595,83,-20.41,57.7,77,12.75
143,constantine,40,DZ,1588003427,49,36.37,6.61,71.6,4.7
144,srednekolymsk,100,RU,1588003595,98,67.45,153.68,29.57,1.7
145,murchison,59,NZ,1588003595,80,-41.8,172.33,47.7,2.73
146,barentsburg,,SJ,,,,,,
147,verkh-usugli,95,RU,1588003596,51,52.7,115.17,38.43,1.99
148,tabiauea,,KI,,,,,,
149,vaitupu,,WF,,,,,,
150,hermosillo,5,MX,1588003596,28,29.07,-110.97,84,6.93
151,lovozero,100,RU,1588003597,94,68,35.01,30.4,4.07
152,barrow,75,US,1588003597,84,71.29,-156.79,8.6,11.41
153,iralaya,60,HN,1588003597,61,15,-83.23,85.53,10.16
154,vanimo,95,PG,1588003597,79,-2.67,141.3,79.9,1.77
155,shashi,0,CN,1588003597,66,30.31,112.24,63,9.4
156,ostrovnoy,92,RU,1588003598,94,68.05,39.51,30.49,7.27
157,graaff-reinet,100,ZA,1588003598,95,-32.25,24.53,54,5.01
158,rawson,90,AR,1588003598,74,-43.3,-65.1,60.31,25.1
159,mogadishu,12,SO,1588003598,76,2.04,45.34,84.49,10.47
160,gat,,LY,,,,,,
161,warqla,,DZ,,,,,,
162,opuwo,0,NA,1588003599,18,-18.06,13.84,84.2,7.29
163,thompson,90,CA,1588003599,73,55.74,-97.86,21.2,14.99
164,kinkala,20,CG,1588003599,59,-4.36,14.76,93.2,5.82
165,hamilton,75,BM,1588003599,83,32.29,-64.78,75.99,24.16
166,avarua,68,CK,1588003384,100,-21.21,-159.78,71.6,4.7
167,salisbury,75,CA,1588003600,59,46.04,-65.05,43,13.87
168,muriti,40,TZ,1588003600,51,-1.98,32.92,82.4,8.05
169,nanortalik,99,GL,1588003600,89,60.14,-45.24,34.45,4.61
170,ylivieska,95,FI,1588003600,61,64.08,24.55,37,4
171,puerto escondido,5,MX,1588003601,48,15.85,-97.07,84.2,5.12
172,hithadhoo,97,MV,1588003601,72,-0.6,73.08,85.51,13.8
173,dingli,0,MT,1588003601,53,35.86,14.38,75.2,6.93
174,barguzin,87,RU,1588003601,63,53.62,109.62,44.78,0.94
175,aloleng,100,PH,1588003601,80,16.13,119.78,83.07,4.47
176,coruripe,68,BR,1588003602,67,-10.13,-36.18,84.7,8.16
177,olhao,40,PT,1588003330,72,37.03,-7.84,64.4,17.22
178,akyab,94,MM,1588003602,67,20.15,92.9,82.29,4.45
179,alghero,94,IT,1588003602,78,40.56,8.32,63.54,9.37
180,bethel,90,US,1588003603,81,41.37,-73.41,43,11.41
181,klaksvik,65,FO,1588003603,56,62.23,-6.59,44.6,12.75
182,nouakchott,34,MR,1588003427,29,18.09,-15.98,89.6,16.11
183,blackwater,97,AU,1588003603,76,-23.58,148.88,64.96,8.86
184,bartica,90,GY,1588003603,94,6.4,-58.62,78.8,6.93
185,vao,7,NC,1588003604,77,-22.67,167.48,74.46,17.81
186,noumea,14,NC,1588003604,77,-22.28,166.46,69.8,3.36
187,bekhtery,10,UA,1588003604,54,46.25,32.29,54.66,10.65
188,kenitra,40,MA,1588003544,64,34.26,-6.58,69.8,6.93
189,barra,36,BR,1588003485,50,-11.09,-43.14,83.39,5.39
190,daru,99,PG,1588003605,88,-9.08,143.21,79.92,12.37
191,lavrentiya,3,RU,1588003605,92,65.58,-171,9.21,2.53
192,guerrero negro,0,MX,1588003605,62,27.98,-114.06,70.29,10.49
193,samusu,,WS,,,,,,
194,carutapera,97,BR,1588003606,84,-1.2,-46.02,83.14,2.68
195,chara,0,RU,1588003606,53,56.91,118.26,36.66,3.76
196,smoky lake,61,CA,1588003606,65,54.12,-112.47,46.99,5.01
197,alofi,75,NU,1588003606,94,-19.06,-169.92,75.2,2.24
198,calvinia,19,ZA,1588003606,29,-31.47,19.78,66.07,6.04
199,sao joao da barra,40,BR,1588003607,54,-21.64,-41.05,82.4,4.7
200,qaanaaq,100,GL,1588003607,92,77.48,-69.36,30.51,5.46
201,kogon,75,UZ,1588003607,37,39.72,64.55,82.4,6.93
202,narsaq,75,GL,1588003607,74,60.92,-46.05,37.4,12.75
203,itambacuri,1,BR,1588003608,48,-18.03,-41.69,78.67,5.93
204,oistins,40,BB,1588003491,43,13.07,-59.53,87.8,19.46
205,krabi,90,TH,1588003608,94,8.07,98.91,80.01,5.82
206,geraldton,75,AU,1588003608,60,-28.77,114.6,68,14.99
207,katsuura,99,JP,1588003609,71,35.13,140.3,53.01,15.7
208,abu samrah,,QA,,,,,,
209,provideniya,100,RU,1588003609,95,64.38,-173.3,19.62,4.25
210,katherine,24,AU,1588003609,53,-14.47,132.27,73.4,4.7
211,falealupo,,WS,,,,,,
212,guasdualito,75,VE,1588003609,52,7.24,-70.73,91.4,4.7
213,kavarskas,87,LT,1588003610,59,55.43,24.92,49.71,3.09
214,aden,39,YE,1588003396,75,12.78,45.04,85.91,12.53
215,pevek,65,RU,1588003610,93,69.7,170.31,14.4,10.49
216,aflu,,DZ,,,,,,
217,bredasdorp,100,ZA,1588003610,55,-34.53,20.04,64.4,13.87
218,fortuna,90,US,1588003611,81,40.6,-124.16,57,8.05
219,puerto morazan,49,NI,1588003611,24,12.85,-87.17,97.61,9.4
220,izhmorskiy,5,RU,1588003611,40,56.19,86.64,52.21,3.4
221,bocaiuva,0,BR,1588003611,46,-17.11,-43.81,77.65,9.15
222,port hardy,75,CA,1588003372,100,50.7,-127.42,44.6,2.24
223,kangaatsiaq,96,GL,1588003612,94,68.31,-53.46,32.09,8.72
224,aspindza,24,GE,1588003612,45,41.57,43.25,46.62,1.52
225,walvis bay,22,NA,1588003612,64,-22.96,14.51,68,5.82
226,buraydah,0,SA,1588003447,26,26.33,43.98,84.2,5.82
227,coihaique,90,CL,1588003612,93,-45.58,-72.07,48.2,5.82
228,corrientes,0,AR,1588003613,59,-27.48,-58.83,91,8.01
229,codrington,,AG,,,,,,
230,poum,32,NC,1588003613,75,-20.23,164.02,75.18,10.47
231,ipixuna,75,BR,1588003613,94,-1.76,-48.8,77,3.36
232,vila franca do campo,40,PT,1588003613,63,37.72,-25.43,62.6,12.75
233,juli,65,PE,1588003614,22,-16.22,-69.45,46.15,6.55
234,esperance,75,AU,1588003498,87,-33.87,121.9,59,9.17
235,seoul,1,KR,1588003325,53,37.57,126.98,50,2.26
236,kenai,1,US,1588003614,85,60.55,-151.26,30.99,4.72
237,obo,80,CF,1588003614,64,5.4,26.49,78.66,4.05
238,lingao,24,CN,1588003615,72,19.91,109.69,71.51,4.14
239,nizhniy tsasuchey,100,RU,1588003615,61,50.52,115.13,48.58,5.14
240,llangefni,20,GB,1588003615,50,53.26,-4.31,55.4,10.29
241,clyde river,75,CA,1588003616,100,70.47,-68.59,14,3.36
242,longyearbyen,20,SJ,1588003616,68,78.22,15.64,24.8,3.36
243,great yarmouth,91,GB,1588003616,72,52.61,1.73,57.99,5.01
244,solok,98,ID,1588003616,76,-0.79,100.66,70.68,2.24
245,tazovskiy,98,RU,1588003616,98,67.47,78.7,26.94,4.07
246,victoria,20,SC,1588003617,83,-4.62,55.45,84.2,5.82
247,saryg-sep,71,RU,1588003617,37,51.5,95.6,55.67,2.86
248,ocampo,56,MX,1588003617,18,21.65,-101.5,72.19,3.24
249,solnechnyy,73,RU,1588003617,80,50.72,136.63,32.97,3.85
250,sao filipe,81,CV,1588003617,75,14.9,-24.5,74.34,8.23
251,attawapiskat,,CA,,,,,,
252,aklavik,75,CA,1588003618,61,68.22,-135.01,15.8,14.99
253,tamandare,82,BR,1588003618,71,-8.76,-35.1,84.24,9.13
254,carnarvon,40,AU,1588003618,83,-24.87,113.63,71.6,17.22
255,emba,71,KZ,1588003618,78,48.83,58.14,54.61,9.75
256,caravelas,0,BR,1588003619,57,-17.71,-39.25,81.16,10.49
257,assiniboia,100,CA,1588003619,29,49.63,-105.98,57.18,14.97
258,nanyamba,20,TZ,1588003619,74,-10.68,39.83,82.4,11.41
259,newcastle,90,AU,1588003619,93,-32.93,151.78,68,4.7
260,uwayl,,SD,,,,,,
261,weiswampach,65,LU,1588003620,44,50.14,6.08,68,1.01
262,hauzenberg,36,DE,1588003620,56,48.65,13.63,64,3.04
263,dogondoutchi,43,NE,1588003620,12,13.64,4.03,108.05,10.89
264,banda aceh,100,ID,1588003620,79,5.56,95.32,78.4,7.9
265,wasilla,1,US,1588003620,54,61.58,-149.44,33.01,0.25
266,felipe carrillo puerto,17,MX,1588003621,50,19.58,-88.05,89.92,7.2
267,tambopata,20,PE,1588003621,78,-12.73,-69.18,82.4,6.93
268,te anau,66,NZ,1588003621,75,-45.42,167.72,46.31,5.64
269,marcona,,PE,,,,,,
270,aswan,0,EG,1588003622,13,24.09,32.91,90.7,0.94
271,san cristobal,20,EC,1588003622,78,-0.9,-89.62,82.4,11.41
272,chengdu,0,CN,1588003622,35,30.67,104.07,75,2.24
273,katobu,96,ID,1588003622,88,-4.94,122.53,74.61,2.59
274,luderitz,0,NA,1588003623,64,-26.65,15.16,69.8,21.92
275,kihei,90,US,1588003428,83,20.79,-156.47,71.6,12.75
276,taunggyi,94,MM,1588003624,55,20.78,97.03,63.48,2.3
277,dwarka,0,IN,1588003624,86,22.24,68.97,81.07,13.85
278,vardo,75,NO,1588003624,80,70.37,31.11,30.2,16.11
279,pisco,1,PE,1588003624,64,-13.7,-76.22,75.99,10.29
280,winfield,20,US,1588003625,52,37.24,-97,69.8,18.34
281,kaina,,EE,,,,,,
282,shubarshi,18,KZ,1588003625,74,48.59,57.19,55.53,8.48
283,sumbawanga,20,TZ,1588003625,64,-7.97,31.62,71.6,14.99
284,hohhot,0,CN,1588003626,16,40.81,111.65,48.2,6.71
285,pokrovsk,2,RU,1588003626,96,61.48,129.13,27.59,7.18
286,broken hill,0,AU,1588003626,66,-31.95,141.43,55.4,10.29
287,hasaki,75,JP,1588003627,93,35.73,140.83,50,2.24
288,pomabamba,86,PE,1588003627,24,-8.83,-77.47,58.32,6.35
289,takaka,0,NZ,1588003627,78,-40.85,172.8,54,4
290,tarazona,42,ES,1588003628,40,41.9,-1.73,71.6,5.82
291,norton shores,90,US,1588003628,37,43.17,-86.26,54,10.29
292,wilmington,20,US,1588003570,45,34.23,-77.94,66.99,16.11
293,severo-kurilsk,99,RU,1588003629,96,50.68,156.12,32.31,10.67
294,sistranda,21,NO,1588003629,52,63.73,8.83,46.4,13.87
295,imbituba,75,BR,1588003625,69,-28.24,-48.67,77,12.75
296,sorvag,,FO,,,,,,
297,palu,99,ID,1588003630,82,-0.89,119.87,77.23,1.16
298,petropavlovsk-kamchatskiy,90,RU,1588003630,94,53.05,158.65,32,6.71
299,arklow,46,IE,1588003630,79,52.79,-6.14,46.99,6.8
300,biak,69,ID,1588003630,72,-0.91,122.88,78.89,3.13
301,moranbah,46,AU,1588003631,83,-22,148.05,61.38,7.85
302,fort nelson,75,CA,1588003631,74,58.81,-122.7,30.2,0.85
303,somerset,90,US,1588003631,61,40.57,-74.55,48.2,10.29
304,beringovskiy,5,RU,1588003631,93,63.05,179.32,11.93,2.48
305,mwinilunga,0,ZM,1588003631,48,-11.74,24.43,68.02,5.08
306,whitianga,100,NZ,1588003632,97,-36.83,175.7,59,8.08
307,margate,100,ZA,1588003442,76,-30.86,30.37,70.02,18.32
308,kushima,0,JP,1588003632,71,31.46,131.23,51.01,5.01
309,jian,80,CN,1588003492,53,27.12,114.98,69.67,4
310,balad,5,IQ,1588003633,18,34.02,44.15,76.44,7.78
311,black river,20,JM,1588003633,70,18.03,-77.85,87.01,6.93
312,san buenaventura,9,MX,1588003634,45,27.08,-101.53,80.44,2.75
313,sergeyevka,100,KZ,1588003635,62,53.88,67.42,60.69,2.73
314,saint-augustin,0,CA,1588003635,77,51.23,-58.65,37.36,6.64
315,san alejo,16,SV,1588003636,34,13.43,-87.96,94.51,5.39
316,iqaluit,40,CA,1588003636,67,63.75,-68.51,17.6,4.7
317,emerald,91,AU,1588003636,68,-23.53,148.17,66.2,6.93
318,yerbogachen,64,RU,1588003637,77,61.28,108.01,41.54,8.03
319,padang,98,ID,1588003573,74,-0.95,100.35,78.85,3.49
320,inhambane,20,MZ,1588003637,57,-23.86,35.38,77,4.7
321,utiroa,,KI,,,,,,
322,pau dos ferros,98,BR,1588003637,56,-6.11,-38.21,85.96,8.28
323,chokurdakh,98,RU,1588003638,97,70.63,147.92,19.87,9.91
324,ayan,0,RU,1588003638,84,56.45,138.17,33.64,7.58
325,tiznit,21,MA,1588003638,52,29.58,-9.5,65.8,14.72
326,chuy,93,UY,1588003638,64,-33.7,-53.46,67.78,15.64
327,hojo,15,JP,1588003639,60,33.98,132.78,53.01,4.65
328,tayturka,100,RU,1588003639,64,52.87,103.46,51.33,6.35
329,mandalgovi,5,MN,1588003639,16,45.76,106.27,60.91,5.82
330,hendersonville,1,US,1588003570,62,36.3,-86.62,61,4.7
331,bukama,7,CD,1588003624,60,-9.2,25.85,77.59,2.28
332,dzhebariki-khaya,100,RU,1588003639,96,62.22,135.8,27.99,6.58
333,tazmalt,20,DZ,1588003591,72,36.39,4.4,68,5.82
334,tucuman,90,AR,1588003585,88,-26.82,-65.22,69.8,2.59
335,malaya serdoba,52,RU,1588003640,71,52.47,44.95,50.41,9.26
336,la sarre,0,CA,1588003640,61,48.8,-79.2,41.2,6.04
337,hualmay,42,PE,1588003641,66,-11.1,-77.61,73.33,10.85
338,burnie,99,AU,1588003641,90,-41.07,145.92,61,1.01
339,pontivy,90,FR,1588003641,93,48,-3,57.99,6.93
340,umzimvubu,,ZA,,,,,,
341,port hawkesbury,90,CA,1588003639,100,45.62,-61.35,39,14.99
342,atar,78,MR,1588003642,9,20.52,-13.05,97.92,11.21
343,takehara,20,JP,1588003642,50,34.34,132.92,53.6,6.93
344,piacabucu,67,BR,1588003642,65,-10.41,-36.43,84.88,7.85
345,kropotkin,33,RU,1588003642,60,45.44,40.58,51.33,10.63
346,port-gentil,20,GA,1588003642,74,-0.72,8.78,86,8.05
347,faya,,TD,,,,,,
348,shache,31,CN,1588003643,13,38.42,77.24,71.73,8.32
349,talnakh,0,RU,1588003643,79,69.49,88.4,23,8.95
350,sataua,,WS,,,,,,
351,harper,85,LR,1588003644,83,4.38,-7.72,82.45,9.66
352,takoradi,2,GH,1588003644,65,4.88,-1.76,84.24,7.87
353,urubicha,51,BO,1588003644,40,-15.38,-62.95,91.11,4.5
354,agirish,97,RU,1588003644,86,61.92,63.02,38.37,2.73
355,porto novo,20,CV,1588003644,54,17.02,-25.06,78.8,26.4
356,kushmurun,100,KZ,1588003645,91,52.45,64.63,55.31,4.63
357,chirongui,76,YT,1588003645,74,-12.93,45.15,84.2,4.7
358,ulaanbaatar,0,MN,1588003645,22,47.91,106.88,44.6,2.24
359,spearfish,1,US,1588003364,42,44.49,-103.86,63,9.17
360,kazalinsk,,KZ,,,,,,
361,durban,90,ZA,1588003646,68,-29.86,31.03,71.6,14.99
362,mount isa,0,AU,1588003646,45,-20.73,139.5,64.4,12.73
363,husavik,0,IS,1588003646,45,66.04,-17.34,48.2,9.17
364,nouadhibou,21,MR,1588003646,64,20.93,-17.03,71.6,18.34
365,khovu-aksy,61,RU,1588003647,35,51.13,93.6,53.11,1.19
366,sao gabriel,34,BR,1588003647,54,-30.34,-54.32,79.36,16.98
367,baicheng,75,CN,1588003647,33,45.62,122.82,58.64,3.53
368,port hedland,75,AU,1588003647,38,-20.32,118.57,87.8,10.29
369,monticello,1,US,1588003361,51,45.31,-93.79,64.4,9.53
370,la peca,48,PE,1588003648,54,-5.61,-78.44,78.26,3
371,vila,,VU,,,,,,
372,kupang,60,ID,1588003648,80,-10.17,123.58,77.79,8.55
373,arrifes,40,PT,1588003648,63,37.77,-25.7,62.6,12.75
374,lebu,87,CL,1588003648,78,-37.62,-73.65,59.05,11.01
375,san francisco,80,GT,1588003649,37,16.8,-89.93,91.18,5.44
376,houma,0,CN,1588003649,42,35.63,111.36,57.06,3.09
377,haines junction,100,CA,1588003649,68,60.75,-137.51,33.69,1.74
378,cayenne,90,GF,1588003571,88,4.93,-52.33,80.6,6.93
379,san giovanni in persiceto,20,IT,1588003650,38,44.64,11.18,75.2,5.82
380,miandrivazo,48,MG,1588003650,63,-19.52,45.47,82.31,3.58
381,zalantun,100,CN,1588003650,80,48,122.72,49.37,3.27
382,fenoarivo,40,MG,1588003650,77,-18.93,47.44,68,10.29
383,dongsheng,0,CN,1588003650,19,39.82,109.98,53.98,5.99
384,mildura,0,AU,1588003651,87,-34.2,142.15,50,1.12
385,ishigaki,92,JP,1588003651,70,24.34,124.16,73.2,16.73
386,los llanos de aridane,40,ES,1588003651,73,28.66,-17.92,69.8,6.93
387,eyl,25,SO,1588003651,68,7.98,49.82,86.04,12.15
388,batagay-alyta,100,RU,1588003651,92,67.8,130.41,18.05,4.14
389,korla,6,CN,1588003651,13,41.76,86.15,72.72,8.79
390,tabuk,20,SA,1588003652,12,28.38,36.58,86,8.05
391,karamea,,NZ,,,,,,
392,san miguel,40,PA,1588003652,66,8.54,-82.75,86,3.36
393,vernon,1,US,1588003652,43,34.15,-99.27,75,19.46
394,gorno-chuyskiy,,RU,,,,,,
395,holden,90,US,1588003653,86,42.35,-71.86,39.99,10.29
396,ngorongoro,99,TZ,1588003653,55,-3.24,35.49,55.42,6.6
397,ixtapa,5,MX,1588003497,53,20.7,-105.2,77,4.7
398,opotiki,100,NZ,1588003653,99,-38.08,177.28,51.01,0.87
399,buin,,PG,,,,,,
400,totma,100,RU,1588003654,73,59.97,42.76,38.41,1.95
401,horki,33,BY,1588003654,61,54.29,30.98,44.13,12.21
402,dulovo,69,BG,1588003654,3,43.82,27.15,70,10.07
403,kungurtug,100,RU,1588003654,27,50.6,97.52,52.11,1.63
404,khonuu,,RU,,,,,,
405,san jose,42,GT,1588003655,36,16.98,-89.9,92.95,5.26
406,jingdezhen,1,CN,1588003655,82,29.29,117.21,58.01,5.08
407,dharchula,19,IN,1588003655,42,29.85,80.53,57.29,3.78
408,tilichiki,0,RU,1588003655,96,60.47,166.1,16.23,0.49
409,tianpeng,30,CN,1588003656,1,30.99,103.94,75,4.5
410,puerto madero,5,MX,1588003656,62,14.72,-92.42,87.8,4.7
411,kontagora,33,NG,1588003656,25,10.4,5.47,99.37,3.76
412,bhadrachalam,28,IN,1588003656,59,17.67,80.88,84.25,5.01
413,egvekinot,42,RU,1588003657,93,66.32,-179.17,4.77,0.92
414,nha trang,40,VN,1588003657,74,12.25,109.18,84.2,12.75
415,luocheng,62,CN,1588003657,32,29.38,104.03,67.35,2.53
416,aguai,0,BR,1588003657,46,-22.06,-46.98,79.11,2.98
417,diamantina,1,BR,1588003658,44,-18.25,-43.6,70.63,8.48
418,itoman,40,JP,1588003658,88,26.12,127.67,64.4,4.7
419,mosjoen,20,NO,1588003658,45,65.84,13.19,48.2,5.82
420,skagastrond,,IS,,,,,,
421,dingle,40,IE,1588003659,58,52.14,-10.27,57.2,9.17
422,ambilobe,7,MG,1588003659,83,-13.2,49.05,78.69,2.13
423,phrai bung,,TH,,,,,,
424,zinder,40,NE,1588003659,19,13.81,8.99,107.6,4.7
425,mayo,90,CA,1588003660,86,63.59,-135.9,32,8.05
426,mabaruma,93,GY,1588003660,82,8.2,-59.78,79.14,7.09
427,patiya,0,BD,1588003660,79,22.29,91.98,76.55,1.21
428,antalaha,0,MG,1588003660,81,-14.9,50.28,79.03,11.23
429,llanes,100,ES,1588003660,96,43.42,-4.75,57.99,4.61
430,lunca bradului,56,RO,1588003661,25,46.96,25.11,63,5.01
431,touros,20,BR,1588003661,62,-5.2,-35.46,87.8,11.41
432,gushikawa,40,JP,1588003661,93,26.35,127.87,64.4,3.36
433,porto de moz,45,BR,1588003661,71,-1.75,-52.24,85.3,1.03
434,dicabisagan,100,PH,1588003661,83,17.08,122.42,78.26,1.79
435,kabinda,63,CD,1588003661,62,-6.13,24.48,77.29,1.97
436,berlevag,75,NO,1588003662,68,70.86,29.09,32,17.22
437,tierranueva,67,MX,1588003662,28,21.68,-100.57,72.01,4.59
438,fort abbas,1,PK,1588003662,19,29.19,72.85,96.12,12.17
439,muros,60,ES,1588003662,73,42.78,-9.06,62.01,13
440,ursulo galvan,0,MX,1588003663,68,22.73,-98.3,86,1.99
441,katangli,92,RU,1588003663,97,51.71,143.23,24.44,9.62
442,mehran,20,IR,1588003663,36,33.12,46.16,62.6,6.93
443,alice springs,0,AU,1588003663,48,-23.7,133.88,66.2,3.36
444,trairi,97,BR,1588003663,87,-3.28,-39.27,78.85,8.75
445,roebourne,7,AU,1588003664,39,-20.78,117.13,86.92,11.65
446,ewa beach,20,US,1588003664,83,21.32,-158.01,71.6,4.7
447,spornoye,98,RU,1588003664,66,50.84,37.29,50,6.71
448,dali,98,CN,1588003664,36,25.7,100.18,55.13,2.35
449,hof,100,NO,1588003385,84,59.53,10.09,44.01,5.99
450,port macquarie,96,AU,1588003665,97,-31.43,152.92,64,7.29
451,nizhneyansk,,RU,,,,,,
452,ilulissat,75,GL,1588003565,69,69.22,-51.1,35.6,5.82
453,surt,0,LY,1588003665,64,31.21,16.59,69.26,11.97
454,maceio,75,BR,1588003571,70,-9.67,-35.74,84.2,6.93
455,kolokani,98,ML,1588003666,11,13.57,-8.03,105.55,10.18
456,mandurah,71,AU,1588003666,68,-32.55,115.7,66,1.01
457,kloulklubed,75,PW,1588003666,88,7.04,134.26,80.6,14.85
458,rockport,75,US,1588003666,57,28.02,-97.05,81,13.87
459,belyy yar,90,RU,1588003666,87,53.6,91.39,46.4,2.24
460,alenquer,20,BR,1588003667,74,-1.94,-54.74,86,8.05
461,bo phloi,100,TH,1588003667,68,14.32,99.52,80.19,2.77
462,tungkang,,TW,,,,,,
463,satuk,,TH,,,,,,
464,prado,1,BR,1588003667,58,-17.34,-39.22,81.57,10.78
465,darab,9,IR,1588003667,18,28.75,54.54,74.75,7.96
466,qaqortoq,75,GL,1588003668,74,60.72,-46.03,37.4,12.75
467,mimongo,79,GA,1588003668,69,-1.62,11.61,77.77,2.26
468,kudahuvadhoo,45,MV,1588003668,76,2.67,72.89,85.35,11.77
469,bereda,,SO,,,,,,
470,santa maria,1,US,1588003668,82,34.95,-120.44,66.99,5.82
471,sept-iles,20,CA,1588003669,47,50.2,-66.38,39,11.41
472,luganville,90,VU,1588003669,94,-15.53,167.17,77,5.82
473,shingu,0,JP,1588003669,63,33.73,135.98,50.11,5.28
474,doctor pedro p. pena,,PY,,,,,,
475,pivijay,20,CO,1588003670,62,10.46,-74.62,95,13.87
476,niksar,97,TR,1588003670,69,40.59,36.95,53.15,2.66
477,truth or consequences,1,US,1588003670,17,33.13,-107.25,78.01,1.14
478,kahului,90,US,1588003671,83,20.89,-156.47,71.6,12.75
479,tygda,0,RU,1588003671,63,53.12,126.33,38.66,8.25
480,sabla,,BG,,,,,,
481,bandrele,74,YT,1588003671,74,-12.91,45.19,84.2,4.7
482,contai,100,IN,1588003671,77,21.78,87.75,80.92,9.01
483,krasnoslobodsk,75,RU,1588003672,61,48.71,44.57,50,26.84
484,portland,0,AU,1588003672,82,-38.33,141.6,50.77,9.53
485,dalvik,0,IS,1588003672,45,65.97,-18.53,48.2,9.17
486,dzhusaly,,KZ,,,,,,
487,bilma,36,NE,1588003562,5,18.69,12.92,109.13,9.4
488,ayagoz,53,KZ,1588003673,46,47.97,80.44,62.71,11.32
489,nantucket,90,US,1588003673,45,41.28,-70.1,46.4,18.34
490,mahibadhoo,57,MV,1588003673,76,3.78,72.97,85.66,9.73
491,amderma,,RU,,,,,,
492,tarudant,,MA,,,,,,
493,clonakilty,40,IE,1588003674,76,51.62,-8.87,51.8,8.05
494,tautira,40,PF,1588003674,83,-17.73,-149.15,77,4.7
495,marv dasht,,IR,,,,,,
496,valparaiso,0,CL,1588003674,52,-33.04,-71.63,66.2,6.93
497,makueni,97,KE,1588003674,66,-1.8,37.62,67.64,6.24
498,lagoa,82,PT,1588003675,87,39.05,-27.98,60.78,26.28
499,yeppoon,54,AU,1588003675,77,-23.13,150.73,68,8.05
500,rupert,1,US,1588003675,62,42.62,-113.68,55.4,4.7
501,ciudad del maiz,32,MX,1588003676,52,22.4,-99.6,75.99,3
502,marzuq,,LY,,,,,,
503,kruisfontein,100,ZA,1588003676,75,-34,24.73,57.81,8.08
504,moree,90,AU,1588003676,59,-29.47,149.85,66.2,7.67
505,deputatskiy,100,RU,1588003677,90,69.3,139.9,10.81,4.25
506,flinders,69,AU,1588003677,86,-34.58,150.86,64.99,1.01
507,koslan,100,RU,1588003677,78,63.46,48.9,36.41,1.39
508,muyezerskiy,82,RU,1588003677,76,63.93,31.65,35.67,5.41
509,chapais,1,CA,1588003678,43,49.78,-74.85,35.6,6.93
510,natal,40,BR,1588003668,58,-5.79,-35.21,87.8,11.41
511,halalo,,WF,,,,,,
512,marsa matruh,14,EG,1588003457,43,31.35,27.25,73.4,13.87
513,san ramon,99,BO,1588003678,84,-13.28,-64.72,78.17,3.89
514,comodoro rivadavia,20,AR,1588003427,63,-45.87,-67.5,64.4,11.41
515,san jeronimo,2,MX,1588003679,36,29.37,-110.79,80.01,1.01
516,lolua,,TV,,,,,,
517,beruni,,UZ,,,,,,
518,hovd,92,MN,1588003679,15,48.01,91.64,61.16,4.63
519,dolores,99,AR,1588003399,70,-36.31,-57.68,65.8,17.49
520,kaeo,98,NZ,1588003680,93,-35.1,173.78,55,5.17
521,nurota,100,UZ,1588003680,42,40.56,65.69,80.6,11.41
522,duku,56,NG,1588003681,21,11.24,4.91,102.38,2.77
523,bandiagara,21,ML,1588003681,8,14.35,-3.61,107.6,11.41
524,hihifo,,TO,,,,,,
525,praia,75,CV,1588003681,51,14.92,-23.51,82.4,24.16
526,mandiana,12,GN,1588003681,20,10.63,-8.68,102.94,2.62
527,grindavik,75,IS,1588003682,65,63.84,-22.43,46.4,13.87
528,montauban,100,FR,1588003540,82,44.08,1.5,62.01,6.93
529,santa maria da boa vista,71,BR,1588003682,54,-8.81,-39.83,84.99,14.12
530,nishihara,75,JP,1588003682,88,26.18,127.76,64.4,3.36
531,vestmannaeyjar,40,IS,1588003678,70,63.44,-20.27,42.8,10.29
532,pitimbu,90,BR,1588003683,100,-7.47,-34.81,77,4.7
533,bilibino,57,RU,1588003683,87,68.05,166.44,15.51,0.83
534,dunedin,74,NZ,1588003683,69,-45.87,170.5,53.01,12.71
535,kamenskoye,,RU,,,,,,
536,shahr-e kord,20,IR,1588003684,26,32.33,50.86,55.4,11.41
537,fevralsk,,RU,,,,,,
538,yining,0,CN,1588003684,81,29.04,114.56,58.86,3.53
539,araouane,30,ML,1588003684,11,18.9,-3.53,101.37,16.51
540,hobyo,1,SO,1588003684,74,5.35,48.53,85.53,15.03
541,mata,,CN,,,,,,
542,andover,75,GB,1588003685,59,51.21,-1.48,64,3.36
543,maku,90,IR,1588003685,33,39.29,44.45,53.15,5.03
544,atambua,100,ID,1588003685,78,-9.11,124.89,71.47,5.01
545,kieta,59,PG,1588003686,78,-6.22,155.63,79.75,3.27
546,santona,75,ES,1588003686,87,43.44,-3.46,57.2,4.7
547,weinan,0,CN,1588003686,59,34.5,109.51,68,6.71
548,ovre ardal,75,NO,1588003686,52,61.32,7.8,42.8,21.92
549,saint george,75,BM,1588003686,83,32.38,-64.68,75.99,24.16
550,manono,78,CD,1588003687,68,-7.3,27.42,77.5,4.5
551,balikpapan,76,ID,1588003687,89,-1.27,116.83,76.93,1.97
552,trinidad,75,BO,1588003687,79,-14.83,-64.9,84.2,2.59
553,wakema,99,MM,1588003687,69,16.6,95.18,81.97,4.29
554,jawhar,26,SO,1588003688,71,2.78,45.5,83.32,12.08
555,mutis,51,CO,1588003688,76,6.23,-77.4,82.36,5.68
556,ban nahin,87,LA,1588003688,60,18.24,104.21,73.9,4.47
557,norman wells,40,CA,1588003688,66,65.28,-126.83,15.8,3.36
558,tezu,100,IN,1588003689,58,27.92,96.17,71.71,4.5
559,hambantota,40,LK,1588003689,100,6.12,81.12,77,2.24
560,ascension,43,BO,1588003689,38,-15.7,-63.08,93.72,3.67
561,kuala terengganu,40,MY,1588003689,100,5.33,103.14,77,4.7
562,yialos,,GR,,,,,,
563,talara,40,PE,1588003690,61,-4.58,-81.27,78.8,20.8
564,aasiaat,67,GL,1588003691,94,68.71,-52.87,32.76,10.51
565,lock haven,100,US,1588003691,80,41.14,-77.45,48,1.01
566,vilyuysk,74,RU,1588003691,95,63.76,121.62,25.23,1.68
567,yuzhnyy,83,RU,1588003692,17,53.25,83.69,62.6,4.47
568,saldanha,0,ZA,1588003692,43,-33.01,17.94,73.4,17.22
569,minot,1,US,1588003544,35,48.23,-101.3,57.2,5.82
570,havoysund,75,NO,1588003693,86,71,24.66,28.4,9.17
571,toliary,,MG,,,,,,
572,bacolod,55,PH,1588003693,76,10.67,122.95,80.37,8.28
573,gitega,100,BI,1588003693,59,-3.5,29.95,64.51,1.88
574,ocotepec,51,MX,1588003693,52,17.22,-93.15,70.39,4.43
575,chapada dos guimaraes,36,BR,1588003694,38,-15.46,-55.75,89.6,6.93
576,wajima,0,JP,1588003694,66,37.4,136.9,47.32,3.18
577,baykit,27,RU,1588003694,74,61.67,96.37,42.06,4.09
578,benalla,75,AU,1588003694,100,-36.55,145.98,50,1.12
579,de-kastri,71,RU,1588003695,96,51.47,140.78,26.47,2.39
580,noyabrsk,100,RU,1588003695,91,63.2,75.45,33.6,5.55
581,goderich,,SL,,,,,,
582,dolbeau,,CA,,,,,,
583,santa helena de goias,3,BR,1588003695,53,-17.81,-50.6,80.15,8.99
584,fairbanks,1,US,1588003500,79,64.84,-147.72,34,1.36
585,santana,75,BR,1588003696,66,-0.06,-51.18,89.6,5.82
586,southbridge,41,NZ,1588003696,44,-43.82,172.25,45,8.7
587,antibes,83,FR,1588003696,77,43.56,7.13,64.4,6.93
588,tuggurt,,DZ,,,,,,
589,along,100,IN,1588003697,72,28.17,94.77,66.78,1.9
590,garmsar,0,IR,1588003697,22,35.22,52.34,70.12,10.09
591,kapit,100,MY,1588003697,94,2.02,112.93,75.38,1.61
592,horta,75,PT,1588003698,88,38.53,-28.63,62.6,16.11
593,altopascio,0,IT,1588003698,23,43.82,10.67,69.01,5.99
594,sivas,66,TR,1588003698,37,39.79,37,52.43,10.4
595,north platte,1,US,1588003698,59,41.12,-100.77,60.8,5.82
596,fortuna foothills,1,US,1588003699,17,32.66,-114.41,88,7.81
597,acapulco,40,MX,1588003518,48,16.86,-99.89,84.2,3.36
598,solano,82,CO,1588003699,78,0.7,-75.25,81.1,3.02
599,kaohsiung,75,TW,1588003699,57,22.62,120.31,79,3.36
600,avera,,PF,,,,,,
601,sentyabrskiy,,RU,,,,,,
602,eldikan,,RU,,,,,,
603,amos,75,CA,1588003700,38,48.57,-78.12,44.6,8.05
604,litoral del san juan,,CO,,,,,,
605,liverpool,100,CA,1588003700,95,44.03,-64.72,37.99,13
606,zabolottya,,UA,,,,,,
607,westport,87,IE,1588003701,82,53.8,-9.52,52,3.67
608,west wendover,1,US,1588003701,36,40.74,-114.07,62.6,1.3
609,copperas cove,1,US,1588003701,64,31.12,-97.9,71.6,23.04
610,mayumba,48,GA,1588003702,72,-3.43,10.66,83.32,7.29
611,shymkent,0,KZ,1588003702,47,42.3,69.6,75.2,9.24
612,altay,40,CN,1588003703,19,47.87,88.12,63.1,7.05
613,fairfield,90,US,1588003546,81,41.27,-73.32,46,11.41
614,zambezi,0,ZM,1588003703,45,-13.54,23.1,72.82,4.9
615,hami,0,CN,1588003703,9,42.8,93.45,74.41,9.15
616,trapani,40,IT,1588003703,88,37.83,12.67,68,12.75
617,opobo,,NG,,,,,,
618,baykalovo,99,RU,1588003704,58,57.4,63.77,52.56,3.33
619,san quintin,100,MX,1588003704,77,30.48,-115.95,67.06,6.4
620,whangamata,100,NZ,1588003704,82,-37.2,175.87,63,10
621,guiratinga,1,BR,1588003704,49,-16.35,-53.76,81.95,8.93
622,balakovo,100,RU,1588003705,71,52.03,47.8,54.39,8.3
623,schwerin,82,DE,1588003447,41,53.63,11.41,66.99,1.99
624,leh,87,IN,1588003705,14,34.17,77.58,43.34,3.56
625,verkhnevilyuysk,48,RU,1588003705,96,63.45,120.32,27.81,2.24
626,oyotun,60,PE,1588003706,61,-6.85,-79.3,77,17.22
627,kyshtovka,80,RU,1588003706,43,56.55,76.63,54.93,6.71
628,zhuzhou,44,CN,1588003706,77,27.83,113.15,69.8,6.71
629,manacor,20,ES,1588003504,72,39.57,3.21,68,11.41
630,laurel,90,US,1588003526,61,39.1,-76.85,52,5.82
